age,gender,bmi,children,smoker,region,expenses
18,female,33.0,0,no,southwest,31901.57
21,male,45.9,0,no,northwest,11058.7
22,male,29.0,0,no,northeast,1880.6
45,male,33.2,2,no,southeast,6674.69
61,male,40.5,3,no,southeast,4762.03
30,male,28.3,3,no,northeast,6272.3
33,male,25.3,0,no,southwest,18654.36
42,male,34.2,0,no,southwest,5344.19
63,female,33.7,2,no,northeast,2249.12
54,male,26.2,2,no,northeast,4960.56
33,male,32.1,0,no,northeast,15423.0
22,female,35.8,0,no,northeast,2372.48
19,male,25.0,1,no,northwest,20494.16
26,male,36.1,1,no,southeast,6455.11
58,female,29.2,0,yes,southwest,35329.04
33,female,39.4,0,yes,southeast,24940.87
30,male,20.0,0,yes,southwest,4300.29
40,female,21.9,0,no,northeast,7408.84
41,female,27.9,1,no,southwest,6879.04
34,female,35.6,2,no,northeast,10836.91
49,male,32.1,1,no,southwest,7860.15
61,female,24.1,0,yes,southwest,23389.53
31,male,35.7,1,yes,northwest,39354.59
24,male,37.7,0,yes,northwest,34396.27
51,male,31.4,0,no,southeast,3199.44
47,male,31.8,0,no,northwest,10902.56
31,female,24.8,2,yes,southwest,19490.39
53,male,36.3,5,no,northeast,9332.99
18,female,30.5,1,no,northwest,14073.33
51,female,38.9,0,no,southwest,8350.88
56,male,36.6,1,no,northwest,10645.73
35,female,21.6,1,yes,southwest,21616.26
29,female,32.7,1,no,northwest,2808.2
62,female,29.8,0,no,northeast,2643.55
20,male,44.0,0,yes,southwest,21775.61
20,female,33.0,1,no,southeast,8964.32
43,male,37.2,1,no,southwest,7562.73
22,female,30.1,0,no,southwest,2215.44
56,female,25.5,1,no,southwest,4518.26
40,female,33.3,3,no,northeast,11345.23
43,male,32.1,0,no,northeast,14452.18
25,female,34.1,0,no,southwest,1342.04
60,male,30.5,0,no,southwest,25876.59
61,male,34.7,3,yes,northwest,7149.38
63,male,37.4,0,no,southeast,15489.52
53,female,38.1,1,yes,southwest,32590.11
19,male,30.4,3,yes,southwest,17159.64
37,female,40.6,3,no,northwest,5283.68
34,male,26.3,2,no,northeast,6482.76
55,male,34.3,0,no,southeast,5850.34
24,female,22.6,5,no,northwest,12600.45
35,female,32.1,1,yes,southeast,42195.51
39,female,23.3,3,no,northwest,26100.87
43,female,30.5,0,no,southwest,2042.04
64,male,23.8,3,no,northeast,5438.9
28,male,24.7,0,no,southeast,1154.34
53,male,21.3,0,yes,southwest,21668.62
31,female,39.6,2,no,northwest,1766.04
45,male,27.5,5,no,northwest,4677.57
28,male,37.4,1,no,northwest,6487.91
31,male,34.3,2,no,northeast,4018.33
58,male,35.6,1,no,northwest,2710.83
24,male,26.8,1,no,northwest,9803.65
64,female,35.9,2,yes,northeast,35245.09
49,male,42.7,1,yes,southwest,45978.77
21,female,26.9,0,yes,northeast,15761.06
48,female,32.4,1,no,northeast,3469.31
48,male,24.2,2,no,southwest,2244.64
18,male,23.2,0,yes,southeast,1720.23
40,male,29.8,3,no,northwest,6771.8
45,male,34.8,1,no,southeast,6080.38
41,female,26.5,2,no,southwest,4941.2
27,female,32.3,0,no,southeast,36704.17
61,female,33.9,2,no,southwest,7921.63
23,female,28.8,3,no,northwest,3156.12
39,female,29.6,0,no,southwest,30163.49
58,female,30.5,2,no,southeast,12300.82
57,male,25.7,1,yes,northeast,21497.81
26,male,29.7,1,no,southwest,6840.94
30,male,21.0,3,yes,southwest,16001.14
59,male,28.3,1,yes,southeast,39432.66
41,female,33.1,3,no,southeast,12947.34
49,male,21.8,1,no,southwest,9279.71
52,male,29.6,3,no,southwest,9233.19
44,male,33.3,1,no,southwest,6850.85
41,male,36.9,2,no,northeast,11983.87
59,female,33.8,2,no,southwest,4259.93
64,male,35.5,1,yes,southeast,47606.74
22,female,30.2,0,no,northeast,2101.6
49,male,39.0,2,no,southeast,1608.9
18,female,28.1,0,no,northeast,2196.15
40,male,37.2,0,no,northeast,1316.31
39,female,18.0,0,no,northeast,1765.52
18,female,26.0,0,no,northeast,1754.89
40,female,28.3,0,no,southeast,5587.67
22,female,30.4,0,yes,northeast,48594.44
32,male,17.7,1,no,northwest,10860.82
42,male,27.5,0,no,southwest,12702.5
36,female,28.8,2,no,southwest,4348.48
26,male,28.0,0,yes,southwest,21480.42
30,male,24.0,1,no,northwest,3216.83
42,male,26.3,1,no,northwest,20560.41
30,male,28.5,0,no,northeast,6139.09
56,male,25.1,4,no,southeast,20189.86
37,female,30.4,2,no,southeast,8508.21
59,female,30.9,0,no,northwest,12335.0
28,male,32.0,2,no,northeast,6174.53
62,female,26.4,0,no,northeast,2898.26
34,male,33.4,1,no,northwest,11406.18
57,female,24.6,1,no,southeast,5450.34
34,male,31.5,0,no,northeast,13228.96
44,female,37.0,1,no,northeast,10826.63
36,male,35.0,0,no,northeast,9526.04
23,female,29.5,0,no,southeast,10994.73
49,female,28.9,1,no,southwest,4163.04
35,female,20.9,2,no,northeast,6444.89
33,male,34.0,0,yes,southeast,39168.99
41,male,34.1,2,no,northwest,6969.75
29,female,33.4,3,no,northwest,8191.35
58,female,29.7,0,no,southeast,30537.42
63,male,36.0,0,no,northwest,4660.18
42,female,32.4,1,no,northeast,27588.81
58,male,36.0,1,no,southwest,3889.46
32,male,28.6,0,no,southeast,5592.2
21,female,33.6,0,yes,northwest,32015.67
49,male,27.7,2,no,northwest,6980.65
63,female,37.1,0,yes,southeast,31487.35
38,male,30.0,1,no,southwest,11948.55
46,female,34.3,2,yes,southeast,44474.49
51,female,26.6,1,no,southwest,10074.69
61,male,35.8,0,no,southeast,48339.34
18,female,40.2,0,no,northwest,2165.32
59,female,36.5,0,no,southeast,4943.93
52,female,35.5,2,no,southeast,8702.3
42,male,39.5,2,no,southwest,11960.92
59,female,19.9,0,no,southeast,8564.0
31,male,30.1,2,no,southwest,3879.29
48,female,28.7,4,no,northwest,3357.32
40,female,43.0,0,no,southeast,1618.38
43,male,21.4,1,yes,northeast,28588.39
48,male,36.4,3,yes,northwest,38219.81
37,male,28.8,3,no,northeast,25161.75
26,male,23.3,2,no,southeast,9808.44
38,male,26.7,0,no,northwest,34986.34
43,female,38.1,3,no,southeast,3487.96
30,male,17.5,2,no,southeast,6929.5
19,male,20.6,1,yes,northwest,20430.91
56,female,39.6,2,no,northwest,10685.86
44,male,30.4,1,no,northeast,13402.78
61,male,25.4,3,no,southwest,7898.97
26,male,39.1,0,no,southeast,4175.85
38,female,38.1,0,no,southwest,2755.57
57,male,26.7,2,no,southwest,4125.12
52,male,46.7,4,no,southeast,3552.09
55,female,33.1,1,no,northwest,2076.84
56,female,24.0,2,no,southwest,7779.75
25,female,27.1,1,no,northeast,5050.92
18,female,35.1,0,no,southwest,2236.61
27,male,36.9,2,yes,northeast,46801.71
44,male,36.3,1,no,northwest,41897.95
56,male,41.3,1,no,northwest,28402.69
19,female,30.9,0,yes,northwest,2825.85
35,female,34.4,2,yes,northwest,12529.76
38,female,30.8,0,no,southwest,8524.91
62,male,34.6,2,no,northwest,43624.87
62,female,23.8,1,no,southeast,12529.94
29,male,27.6,3,no,northwest,9990.89
59,female,30.1,0,no,southwest,2358.6
32,female,30.5,0,no,southeast,24974.4
27,male,30.4,1,yes,southeast,43425.36
54,female,37.5,0,no,southeast,12648.94
59,female,24.7,1,no,northwest,3261.42
46,male,27.4,0,no,northeast,1929.79
52,male,38.6,1,no,southeast,10827.53
50,female,29.3,2,no,southeast,6487.2
44,female,31.2,1,no,northwest,20521.77
50,male,32.7,0,no,northeast,12936.69
23,female,31.8,0,no,southeast,5846.62
18,female,34.6,1,no,northwest,13110.89
53,male,31.6,2,no,northeast,10157.55
44,female,34.8,3,no,northeast,3974.32
27,female,34.6,1,no,southeast,4147.01
57,male,32.0,2,yes,northeast,43641.4
46,male,37.9,3,no,northwest,9683.08
44,male,30.0,2,no,southwest,8114.77
43,male,34.2,1,no,southwest,7741.31
48,female,45.3,1,no,southeast,18828.1
32,male,28.0,0,no,northwest,12645.71
20,male,38.5,5,no,southwest,4829.31
24,female,36.2,1,no,northeast,19274.05
33,female,40.3,0,no,southwest,3119.43
54,male,36.4,1,no,southeast,28065.6
27,female,20.6,0,no,northeast,12708.79
43,male,24.1,0,yes,northwest,19941.92
32,female,29.6,2,no,northwest,6977.74
37,female,18.0,1,no,southeast,6879.46
26,male,33.3,0,no,southeast,14408.33
52,female,29.8,0,no,southeast,30606.85
35,male,31.9,3,no,southwest,3909.82
18,female,32.0,2,no,northwest,14337.18
38,female,30.8,2,no,southeast,9496.85
41,female,27.8,0,no,southwest,7520.7
31,female,26.5,3,no,northwest,4416.58
40,female,26.8,0,no,northeast,8023.55
46,female,24.8,1,yes,southeast,15789.99
51,male,30.4,1,no,southwest,9851.53
48,female,29.8,0,no,northwest,7296.66
50,male,22.6,2,no,northwest,12048.45
58,female,35.8,0,no,southwest,2370.56
51,male,33.8,0,no,northwest,5789.3
29,female,22.7,2,no,northeast,11089.26
18,male,31.2,2,no,northeast,1712.4
48,male,33.8,2,no,southeast,1551.58
28,male,32.1,0,yes,northeast,47172.77
26,male,28.5,2,no,southeast,9075.9
28,male,24.6,2,no,southwest,6448.51
51,female,17.4,2,no,southeast,4351.6
53,female,34.7,2,no,northeast,3581.75
28,male,29.8,2,yes,northwest,16762.88
38,female,34.1,1,no,northeast,3905.05
58,female,38.5,0,no,northwest,14093.17
43,female,20.0,0,no,southwest,7716.32
42,female,23.4,0,no,southwest,10618.09
27,male,17.4,1,yes,northwest,18964.34
53,male,31.7,3,yes,southeast,29468.42
44,male,35.0,1,no,northeast,10722.25
22,female,30.9,0,no,southwest,2188.57
24,female,28.8,0,yes,southwest,21776.92
29,male,35.5,0,no,northwest,34788.13
63,male,31.1,0,no,northwest,7810.01
50,male,35.6,0,no,northeast,3846.11
36,male,28.4,0,no,northeast,8572.33
63,male,20.3,0,no,southeast,27982.76
49,female,22.8,3,no,northwest,29314.69
56,male,34.0,0,no,northeast,9575.21
53,female,37.6,1,no,northeast,6386.9
55,female,24.4,2,no,northeast,12538.72
43,male,27.2,2,no,southwest,6387.68
48,male,34.1,3,no,southeast,7167.33
52,male,35.4,3,yes,northeast,36756.63
19,male,32.4,1,no,northwest,2737.24
63,female,25.1,2,yes,southeast,43956.36
61,male,30.2,2,yes,southwest,15740.6
34,male,32.3,3,no,southeast,5827.03
59,male,17.4,0,no,northwest,20272.78
45,female,28.4,1,no,northeast,6590.78
24,male,31.6,0,no,southwest,1924.22
47,female,28.4,0,yes,northwest,21454.16
20,female,32.0,2,no,northwest,3853.42
39,female,21.7,0,no,southeast,2137.73
41,female,31.7,0,no,southwest,13162.43
32,male,36.7,2,yes,southwest,20171.07
45,male,30.0,3,no,southwest,7449.97
29,male,23.9,2,yes,southeast,18440.47
31,female,42.5,0,no,southwest,3615.41
25,female,20.2,1,yes,southwest,16243.21
58,female,24.8,0,no,northeast,11836.63
26,male,31.9,3,no,northwest,3460.59
25,male,23.8,2,yes,southwest,36961.6
33,female,33.3,0,no,northwest,12104.09
29,male,22.4,2,no,southeast,5683.73
56,female,31.8,0,no,northwest,10247.09
57,female,39.7,3,no,southwest,7901.98
19,female,30.3,0,yes,northwest,33045.92
61,male,32.5,1,no,northeast,9871.56
45,female,21.6,2,no,northeast,20659.43
33,female,47.3,3,no,northeast,5904.55
41,male,31.9,1,no,northwest,4802.98
49,female,30.8,0,no,southeast,4886.26
25,female,39.5,2,no,southwest,33987.06
39,female,38.1,1,no,southwest,2902.9
27,male,35.6,0,no,northwest,1840.8
24,male,33.1,0,no,northeast,12039.95
47,female,23.6,0,no,southwest,10065.07
52,male,37.1,0,no,northeast,1725.01
59,male,31.8,1,no,southwest,7621.6
39,female,31.4,2,yes,southwest,38240.28
48,female,31.7,0,no,northeast,8268.56
39,male,33.6,0,no,northwest,2492.23
54,male,42.7,0,yes,northeast,27327.26
62,female,30.0,0,no,southeast,3083.55
19,female,28.7,0,yes,northeast,21110.4
48,female,33.1,2,no,northwest,7152.9
22,female,47.2,1,no,northeast,20306.68
51,female,34.4,0,yes,northeast,47817.02
39,male,32.7,1,no,southwest,9947.28
28,male,35.7,0,no,northeast,3329.24
24,female,22.2,0,no,northeast,11804.53
53,male,30.4,0,no,southwest,1892.46
23,male,18.7,0,no,northeast,3573.77
19,female,28.9,0,no,northwest,10359.68
31,male,34.2,2,no,southeast,8887.21
31,male,35.4,0,yes,northeast,51498.59
46,female,30.1,2,no,northwest,4179.14
42,female,38.4,3,no,northeast,11340.85
54,male,33.1,0,no,southeast,1672.93
32,female,36.8,1,no,southwest,4709.05
43,male,39.3,0,no,northeast,31805.7
26,male,45.8,0,no,southeast,3835.52
55,male,33.8,3,no,southwest,7557.85
59,female,41.0,1,no,northeast,9764.69
44,male,23.3,2,no,southwest,11904.75
50,male,39.1,1,no,northwest,4803.82
46,male,23.4,0,no,southwest,12313.88
36,female,22.5,1,no,northeast,5004.86
43,male,28.7,3,no,southeast,13986.46
19,female,28.8,3,no,southwest,2850.87
36,female,21.7,0,no,northwest,12609.18
51,female,28.7,2,no,southwest,3146.52
39,female,32.3,2,no,southeast,7244.92
53,female,27.9,1,yes,southwest,15450.75
61,male,35.5,1,no,southeast,9744.91
35,male,27.0,0,no,northwest,4410.56
53,male,32.4,1,no,southwest,8770.82
46,female,29.8,1,no,southwest,7286.65
19,male,37.7,1,yes,southwest,31251.39
45,male,34.2,1,no,northeast,9881.22
18,male,28.9,1,yes,southwest,28071.14
56,male,20.5,1,no,northwest,1691.85
36,female,34.5,0,no,northeast,7927.55
20,male,33.1,3,no,northeast,10117.81
22,male,39.8,1,no,northeast,2621.54
56,female,24.5,0,no,northwest,2032.18
63,female,28.0,4,no,southwest,11698.19
46,male,33.3,3,no,northwest,25870.77
60,female,38.7,0,no,southeast,12945.52
25,male,31.6,1,no,northwest,21160.47
35,male,29.9,0,yes,northeast,22231.38
50,male,42.5,1,yes,southeast,49328.08
26,female,31.6,0,no,northwest,5235.69
57,male,29.6,3,no,northwest,10082.9
63,female,28.7,0,no,northeast,5208.69
22,male,33.7,0,no,southwest,13056.73
29,female,30.1,0,no,southeast,9090.94
55,female,33.5,0,no,northwest,6632.74
35,female,35.9,2,no,northwest,11180.99
41,female,37.0,3,no,northeast,14407.62
49,female,36.2,2,no,northwest,4180.29
27,male,20.8,2,yes,southeast,16672.91
60,female,27.3,0,no,southwest,12822.85
55,male,22.7,2,no,southwest,8926.34
52,male,37.0,3,no,northwest,13069.38
41,female,25.2,0,no,southeast,4909.79
43,male,31.7,0,no,northeast,14247.84
46,male,38.4,0,no,northeast,8949.76
60,male,46.9,3,no,southeast,8444.54
47,female,37.5,2,no,northwest,3583.49
58,male,18.0,0,no,southwest,11396.34
20,female,26.5,0,no,northeast,12247.2
50,female,30.7,3,no,northwest,4694.0
21,male,41.7,0,no,northeast,2715.19
38,female,45.0,2,no,southeast,7922.32
53,male,37.3,0,no,northwest,13409.38
63,male,27.7,0,no,northwest,13266.47
46,male,29.6,2,no,southwest,7283.16
47,male,28.7,0,no,southwest,2651.2
62,male,25.3,0,no,northeast,1639.5
51,female,37.8,1,no,southwest,10839.15
18,male,38.3,3,yes,southeast,41446.95
28,male,36.2,2,no,southeast,43004.93
48,female,26.6,3,no,southeast,3582.09
50,female,25.3,3,yes,southeast,17123.46
30,male,34.9,2,no,northwest,6941.64
33,male,34.6,3,yes,southwest,46093.09
64,male,37.0,1,no,southwest,8436.17
40,female,28.0,0,yes,northwest,17976.5
20,male,23.5,0,no,northeast,1992.05
19,male,31.4,0,no,southeast,2505.3
26,female,30.8,3,no,southeast,6910.03
19,female,31.4,0,no,southeast,1830.45
25,male,31.6,1,no,southwest,12122.44
47,male,33.3,1,no,northeast,4778.32
33,female,17.5,0,no,southeast,4231.9
19,female,34.2,0,no,southwest,2065.16
25,female,36.5,1,yes,southeast,44242.84
47,female,17.5,2,no,southeast,2078.68
51,female,31.4,3,no,southeast,9698.33
48,male,31.4,1,no,northwest,8477.69
47,male,41.8,0,no,northwest,13603.44
21,male,25.2,0,no,northeast,2001.3
19,female,38.6,0,no,southwest,13407.98
26,female,24.2,2,no,southwest,6552.45
63,female,37.1,0,no,northwest,6122.69
23,female,27.6,1,no,southwest,7503.65
63,female,27.7,0,no,northwest,13262.58
43,male,25.6,0,yes,southeast,22130.87
44,male,22.4,1,no,northeast,16300.53
20,male,28.0,1,yes,northeast,17158.46
35,male,32.3,2,no,northeast,11236.57
25,male,27.6,2,no,southwest,33174.12
23,female,25.1,3,no,southwest,12269.25
36,male,33.3,1,no,southeast,27238.46
26,male,32.1,2,no,southwest,6817.77
31,female,33.0,1,no,southeast,2257.36
57,male,33.1,0,yes,northeast,50039.57
27,male,39.8,2,no,northeast,33849.43
38,female,32.3,2,no,northeast,15936.07
25,female,32.5,2,yes,northwest,41671.25
59,male,43.4,0,no,southeast,1902.08
63,female,35.6,1,no,southeast,3498.48
18,male,26.7,0,yes,northwest,12920.78
34,female,21.9,5,yes,northeast,15927.74
23,male,29.3,1,no,northwest,12458.56
40,female,33.9,0,no,southwest,5838.04
23,female,29.6,0,no,northwest,14198.65
54,male,33.2,2,no,southeast,3628.89
18,female,32.1,2,no,northeast,2219.06
48,male,25.3,0,no,northeast,6235.01
31,female,28.3,3,no,northeast,4393.04
38,male,34.8,2,no,northwest,6058.24
52,male,27.3,0,no,northwest,7887.87
19,male,32.0,0,yes,northeast,36494.74
58,female,38.0,0,no,northwest,6052.78
57,male,33.3,3,no,southwest,6783.12
24,male,39.1,0,no,northwest,2825.5
63,female,30.4,0,no,northwest,4024.26
33,female,34.6,1,no,northwest,12282.04
54,male,33.2,3,no,southwest,1442.01
62,male,25.9,0,no,southeast,3287.27
21,male,39.0,0,no,southeast,1507.39
55,female,34.2,0,no,northwest,10264.68
59,male,23.5,0,no,southwest,11415.87
27,female,22.5,0,no,northeast,3544.35
19,female,21.6,1,yes,southwest,18526.14
63,female,37.3,0,no,southwest,6922.28
33,male,43.1,0,no,southeast,13709.07
30,female,36.0,1,yes,northwest,5282.35
50,female,25.7,2,no,southeast,6901.64
31,female,29.3,1,no,southwest,6598.58
20,male,35.6,1,yes,southeast,43323.7
35,male,24.0,2,no,northwest,10930.17
56,male,19.8,3,no,southwest,8352.76
56,male,35.8,0,no,southeast,52360.37
55,female,33.1,0,no,southwest,2164.24
24,male,25.8,2,no,southwest,4957.69
24,female,17.4,3,no,northeast,4017.91
25,male,29.8,1,no,northwest,8050.48
57,male,30.6,0,no,southwest,1604.05
64,female,37.7,0,no,southeast,24705.12
20,female,26.1,2,no,northwest,8635.23
29,male,40.5,0,no,southeast,11492.68
41,male,26.8,1,no,northeast,6925.65
62,male,18.3,1,no,northeast,10185.05
49,female,31.6,1,no,northeast,4079.63
58,male,38.8,1,no,southeast,3248.58
45,female,30.8,3,no,northwest,7180.12
46,female,33.0,0,yes,northeast,21049.06
54,female,26.7,0,no,southeast,14282.82
51,female,25.3,1,no,southeast,8223.11
43,female,35.2,3,no,northwest,49192.72
36,male,38.1,0,no,southeast,4510.7
35,female,36.0,1,no,northeast,4563.42
60,female,35.3,1,no,southeast,6548.31
23,male,35.7,0,no,southeast,27101.19
41,female,42.6,2,no,southeast,6890.17
42,female,25.0,2,no,northeast,12574.2
47,female,29.2,0,no,southwest,2191.02
20,female,24.5,0,no,northwest,2104.48
24,male,40.6,4,no,northwest,1786.17
18,male,31.7,3,yes,southeast,34099.13
34,female,32.1,2,no,northeast,7878.5
18,female,25.1,0,no,northeast,2228.41
39,female,32.1,2,no,northeast,13033.75
22,male,39.6,3,no,northeast,1636.47
27,female,29.0,3,no,northeast,4924.57
36,female,25.8,0,no,southeast,28231.55
52,female,26.0,0,no,northeast,6193.65
24,male,28.5,0,no,northeast,12522.35
46,male,33.8,1,no,southwest,5997.53
43,male,37.3,1,no,southeast,46883.78
18,female,34.4,1,no,southeast,1717.18
62,male,32.0,1,yes,southeast,42388.0
20,male,28.9,1,yes,southwest,21844.32
38,male,35.7,1,no,northwest,14993.79
60,female,33.3,1,no,northwest,9790.37
34,male,36.9,3,no,southwest,3026.79
64,male,37.5,3,no,northwest,6754.72
40,female,28.7,0,no,southwest,3446.66
62,male,29.8,4,no,southeast,5788.79
20,female,17.5,0,no,southwest,2080.85
49,female,37.1,1,no,northeast,9541.58
60,male,29.0,3,no,northeast,8673.88
19,male,30.6,0,no,southwest,2780.8
50,female,27.6,1,no,northeast,3094.51
52,female,20.7,0,yes,northwest,19099.69
59,male,34.3,0,no,southeast,12446.54
52,female,29.5,1,no,southeast,3907.18
47,male,21.3,3,no,northeast,5240.07
31,male,27.3,3,no,northwest,5095.38
48,male,40.9,1,no,northeast,2987.82
46,female,40.6,0,no,southeast,3695.22
56,male,32.3,0,no,northeast,1526.47
18,female,32.1,2,no,northeast,4533.91
39,female,22.8,2,yes,northeast,26982.77
48,female,31.0,3,no,northeast,3364.02
41,male,24.4,0,no,southeast,7722.38
32,male,30.8,3,no,southwest,8372.7
47,male,32.8,1,no,northeast,7526.81
37,male,32.1,3,no,southwest,4281.2
58,female,34.3,3,no,northwest,1623.49
34,male,17.3,1,no,northeast,6766.49
58,male,31.8,0,no,southeast,3961.34
18,male,29.0,1,no,southeast,22215.34
39,male,17.5,3,no,northwest,8115.26
27,male,39.0,2,no,northwest,4106.31
18,male,41.9,0,no,southeast,15778.04
35,female,30.2,3,no,northeast,4792.39
53,male,35.5,0,no,northwest,6051.02
30,female,38.3,3,no,southwest,25699.29
49,male,31.2,1,yes,southeast,38593.43
44,female,41.3,0,no,northeast,7733.74
50,female,23.0,1,no,southwest,4714.66
25,male,30.5,0,no,southeast,1203.61
51,female,24.4,0,no,northwest,21014.94
31,female,37.7,1,no,southwest,6386.59
32,male,28.2,1,yes,northeast,19885.75
25,male,29.9,1,no,southwest,2971.65
34,female,29.8,1,no,northwest,8259.09
50,male,22.3,0,no,northeast,14108.59
36,female,29.6,0,no,southeast,13215.74
28,male,35.8,1,no,northwest,19645.67
27,male,31.1,3,no,southeast,26973.55
31,female,26.6,1,no,southwest,8422.99
46,female,32.7,2,no,southwest,13150.23
25,female,33.7,3,no,northeast,7655.94
39,male,40.5,3,no,southeast,6245.68
24,male,36.4,0,no,northeast,11781.51
19,female,23.7,0,no,northwest,12519.47
35,male,26.4,1,no,northwest,8050.24
58,male,36.8,2,no,northwest,9081.29
36,female,33.6,0,no,southwest,14265.97
21,male,22.0,1,yes,southwest,22145.25
62,female,24.1,0,no,northwest,36777.16
31,female,36.8,1,no,southeast,8046.68
42,female,30.5,0,no,southeast,4627.13
57,male,22.9,1,no,southwest,3049.85
60,male,25.7,2,no,southwest,25004.74
22,female,32.1,0,no,northeast,11833.06
49,male,24.6,1,no,northeast,4072.81
48,female,25.8,1,no,northeast,26588.71
56,male,35.2,0,no,southeast,13053.71
18,female,30.0,1,no,northwest,3483.39
22,female,27.9,3,yes,northwest,24161.92
52,female,31.5,0,no,northeast,13269.66
54,female,17.4,0,no,northeast,24315.44
57,male,34.3,1,no,southwest,10126.94
22,male,34.2,0,no,southeast,1666.24
57,female,20.8,0,yes,northeast,19988.48
34,female,26.3,2,no,northeast,30753.0
32,female,24.3,0,no,southeast,24711.77
41,female,35.1,0,no,northeast,7936.17
42,male,33.6,0,no,southwest,34852.76
26,male,30.3,1,no,northwest,3288.55
19,female,23.2,0,yes,southeast,35601.15
35,female,28.8,3,no,northwest,10160.08
38,male,32.5,2,no,northwest,8695.53
22,female,34.1,0,no,southeast,1461.31
22,female,26.6,0,no,southwest,30912.23
59,male,39.4,1,no,northwest,9378.86
28,male,28.3,0,no,southeast,9825.54
33,male,33.1,0,yes,southwest,9598.74
39,male,36.8,3,yes,southeast,42653.75
24,female,25.6,0,no,northwest,36221.07
50,male,23.2,2,no,northeast,8583.08
61,female,24.7,2,no,northwest,12011.17
49,female,47.6,1,no,southeast,24052.81
63,male,32.1,1,no,southeast,3333.19
56,female,28.5,3,no,southeast,12671.04
29,male,31.1,2,yes,southeast,35808.57
50,female,27.7,0,no,northwest,4606.3
59,male,37.7,0,yes,southeast,27810.07
30,female,25.1,2,no,southwest,12854.85
47,female,26.8,1,no,northwest,2594.46
35,male,29.7,0,no,southwest,2576.49
33,female,25.4,0,yes,southwest,2211.63
58,female,30.1,1,no,northeast,6794.13
26,male,30.9,3,no,northeast,6844.69
38,female,25.2,0,no,northwest,6509.08
64,male,28.3,1,no,northeast,6174.06
18,male,30.0,3,no,northeast,2752.99
63,male,23.7,0,no,northeast,8308.31
41,female,29.9,0,no,southwest,3746.76
49,female,17.4,4,no,northeast,11013.86
50,female,27.8,2,no,southwest,6271.99
28,male,27.4,2,no,northwest,13716.35
24,male,28.8,0,yes,southeast,33786.48
31,female,33.2,2,yes,northwest,42688.2
36,male,27.6,1,yes,southwest,21311.06
37,male,35.3,0,no,northwest,2772.97
47,female,30.8,3,no,northwest,2470.32
41,male,31.2,1,no,southwest,3978.24
43,female,39.2,0,no,southeast,9126.19
24,female,33.0,1,no,southeast,10209.45
21,male,28.3,0,yes,southeast,14757.61
46,female,34.2,1,yes,southeast,50675.5
35,female,28.9,2,yes,southeast,26045.18
49,male,34.8,2,no,northeast,4186.5
19,female,32.7,1,no,southwest,1416.41
63,female,31.6,1,no,southwest,6265.04
45,male,29.0,0,yes,southeast,18505.07
48,female,17.8,1,no,northwest,5278.9
46,male,31.9,1,no,southeast,5167.43
48,male,28.9,1,no,northwest,2789.43
38,male,34.1,2,no,northeast,12960.01
21,male,30.4,1,no,southwest,10348.16
52,male,24.6,2,yes,southeast,50951.17
18,female,30.1,3,no,southeast,3031.42
37,male,30.6,0,no,southeast,2094.65
39,male,26.6,1,no,southeast,3873.87
29,male,32.2,3,yes,northwest,41516.53
48,male,40.6,1,no,northeast,8226.03
61,male,26.7,0,yes,northeast,14456.88
41,male,24.2,0,no,southeast,2049.86
53,male,32.3,2,no,northeast,10423.71
43,female,32.4,2,yes,northwest,45247.79
21,female,30.1,3,no,southwest,4210.08
59,female,30.4,0,no,northeast,11780.28
29,female,23.0,4,no,northwest,2738.63
53,female,38.0,1,yes,southwest,10049.49
39,male,31.8,0,yes,southeast,48301.63
32,female,31.7,3,no,southwest,9463.06
28,male,33.1,1,no,southeast,7913.31
55,female,34.1,0,no,southeast,15702.69
56,male,39.0,0,no,southeast,1684.73
58,female,33.9,0,no,southwest,6609.86
52,male,36.5,0,yes,northwest,13455.85
20,male,23.3,0,no,southwest,1985.4
33,male,21.8,5,yes,southwest,18748.92
32,male,32.4,2,no,northwest,4100.66
37,male,27.7,2,no,southeast,27224.62
62,male,26.0,0,no,southeast,11921.67
46,female,21.5,2,no,northwest,10023.79
44,male,43.5,1,no,southeast,5497.42
31,female,33.1,0,no,southeast,11917.26
63,male,30.2,0,yes,northwest,43849.4
33,female,17.4,0,no,northeast,2183.24
23,male,35.5,0,no,southeast,1838.12
42,male,17.4,2,yes,southwest,19478.75
37,male,40.8,1,yes,southeast,37829.75
62,male,37.1,3,yes,southeast,47222.46
50,female,18.3,2,yes,northeast,30331.48
64,female,36.3,3,no,northwest,5868.84
29,male,24.8,3,no,northwest,6401.38
26,male,40.5,1,no,southeast,3846.93
22,male,26.4,0,yes,southeast,27266.9
26,male,28.5,1,no,northeast,26657.75
43,female,31.5,0,no,southeast,6346.17
57,female,35.8,0,no,southeast,12566.11
59,female,32.7,2,no,northwest,1998.43
32,male,43.6,2,no,northwest,4434.45
36,male,27.7,0,yes,southeast,27297.49
43,male,20.2,0,no,northeast,13691.14
53,male,35.5,3,no,northwest,4845.19
18,female,28.5,0,no,southeast,1177.64
22,female,24.1,0,yes,southeast,16226.21
61,female,31.5,0,no,northwest,6015.71
20,female,28.8,0,no,northwest,2672.56
37,male,34.6,2,no,northwest,5728.37
53,male,29.9,0,no,southeast,10238.11
59,male,25.1,1,no,southwest,4027.59
32,male,38.1,1,yes,southwest,8080.1
47,female,29.7,0,no,southwest,4623.89
39,male,32.1,1,no,northwest,11982.8
26,male,29.1,1,no,southeast,2167.01
18,male,27.1,0,no,southeast,1716.58
36,male,37.4,0,no,southwest,4230.82
52,male,22.9,0,no,northeast,5052.08
37,male,36.0,0,no,southeast,48775.51
60,male,23.8,0,no,northeast,11452.38
59,male,31.3,0,no,southwest,1318.1
18,male,17.3,0,no,northeast,2239.52
22,female,37.8,0,no,southwest,2108.03
42,male,28.0,3,yes,southwest,18630.72
25,male,25.8,2,no,northwest,4917.56
50,male,30.6,0,no,southwest,3892.55
51,female,35.6,1,no,northeast,10070.81
28,female,28.7,0,no,southwest,14064.47
41,female,23.3,1,no,northwest,5342.13
64,male,31.4,0,no,northeast,12952.92
58,male,33.7,3,yes,southeast,40975.96
40,female,41.5,0,no,southeast,3340.63
30,male,27.9,3,yes,northeast,46836.43
22,female,31.5,0,no,northwest,4707.14
30,female,33.6,2,no,southwest,6360.33
37,female,38.9,2,no,northeast,4187.49
38,male,35.7,5,no,northwest,42056.19
53,female,47.5,1,no,southeast,7592.12
20,male,26.6,0,yes,northeast,1912.65
59,male,45.9,0,yes,southeast,48027.17
28,male,23.3,1,no,southeast,4295.54
27,female,23.7,0,no,southwest,2293.7
62,female,31.3,1,no,northwest,9722.35
45,female,31.3,2,no,northwest,5282.78
18,male,27.5,0,yes,southwest,31239.35
31,female,29.9,1,yes,northeast,42553.3
23,female,17.4,3,no,southwest,2835.91
51,female,32.0,0,no,northwest,5649.11
38,male,38.1,0,no,southeast,8049.07
53,male,27.9,0,no,northwest,6850.04
39,female,30.9,1,no,northwest,9873.1
52,female,38.4,0,no,northwest,4550.46
63,female,34.9,0,no,northwest,10342.61
42,male,25.5,1,no,southwest,5968.74
28,male,26.2,2,no,southwest,6872.78
64,female,29.1,3,no,southeast,4088.71
18,male,41.6,2,yes,southeast,42677.11
56,female,24.2,0,no,southeast,8190.03
19,male,25.2,0,yes,southwest,36724.95
36,male,22.6,2,no,northeast,11511.39
58,female,29.8,2,no,northwest,3029.88
18,male,33.1,0,no,southeast,1186.47
29,female,24.2,4,yes,northeast,21268.1
57,female,25.6,3,no,southwest,5331.84
20,male,23.7,2,no,northwest,11520.35
40,male,34.2,1,no,northwest,10712.23
21,female,34.0,2,no,southeast,9683.85
21,female,30.9,0,no,southwest,9141.24
18,male,27.7,2,no,southwest,2962.08
28,male,18.7,2,no,northeast,6794.82
23,female,25.2,0,no,northeast,2941.01
42,male,43.4,0,yes,southeast,19954.91
63,male,34.3,0,no,southwest,2057.76
29,male,32.3,2,no,southeast,9597.53
19,female,35.3,0,no,southwest,2104.21
58,female,38.8,0,no,northwest,2339.66
62,male,33.2,0,no,northeast,13227.95
21,female,36.0,0,yes,northeast,20387.37
19,female,34.0,1,no,southwest,2655.35
26,male,32.4,1,no,southwest,1918.42
51,male,32.4,2,yes,northwest,32179.32
45,female,38.6,3,no,southeast,10283.15
26,female,39.7,3,no,northeast,7830.05
50,female,28.8,1,no,northeast,6487.86
61,female,35.5,1,no,northwest,5303.07
51,male,44.0,1,no,southeast,6710.96
34,female,21.3,1,yes,northwest,24758.98
49,male,24.8,0,no,northwest,9218.97
55,male,24.0,2,no,southwest,6623.47
24,male,25.3,0,no,southeast,12470.29
36,female,27.1,0,no,northwest,1964.87
47,male,33.7,1,no,northwest,8550.28
25,male,24.9,4,no,northwest,11753.55
64,female,39.7,3,no,northeast,7808.22
22,male,38.1,3,no,northeast,11873.63
45,male,36.8,2,no,southwest,9842.14
42,male,44.5,5,no,southwest,5022.21
29,male,33.7,3,no,northeast,8899.56
44,female,34.0,0,yes,southeast,51070.47
20,female,27.5,2,no,southwest,7910.86
44,male,38.0,3,no,northeast,22791.16
41,female,37.3,1,no,northeast,4058.83
21,male,31.5,2,no,northwest,19026.7
28,male,37.6,1,no,northwest,4711.11
36,female,34.6,0,no,northwest,40071.01
28,female,33.9,2,no,northeast,1761.48
60,male,25.9,1,no,northwest,9327.39
50,male,38.6,1,no,northwest,6874.24
50,male,31.8,2,no,northeast,13013.84
18,female,33.3,1,no,northeast,2178.37
18,female,26.2,1,no,southeast,1157.26
34,female,44.9,4,no,southeast,3944.15
18,female,34.3,0,no,northeast,1614.33
34,male,43.4,0,no,southeast,12931.25
45,male,26.8,2,no,northwest,4584.78
36,male,21.9,0,yes,southwest,45287.98
19,female,31.1,1,no,northwest,2028.97
23,female,32.8,2,yes,southeast,44129.46
39,male,20.0,0,no,southeast,1745.52
20,male,37.4,0,no,southeast,2357.24
36,female,35.2,2,no,southeast,12404.61
25,female,33.3,0,yes,southeast,16899.05
20,female,37.8,2,no,southeast,13164.77
30,female,21.9,0,yes,southwest,33937.02
28,male,33.9,0,yes,southeast,4750.75
63,male,32.3,0,no,northeast,13927.85
23,female,46.6,1,yes,southeast,37889.21
47,male,40.4,0,yes,northwest,49084.07
27,female,17.5,2,no,southwest,12589.61
23,female,40.2,2,no,southeast,7971.25
47,female,31.2,2,no,northeast,2965.73
53,male,26.2,2,no,southwest,12934.82
33,male,40.4,0,yes,southeast,38279.8
19,male,36.8,3,no,northeast,2061.38
43,female,38.4,0,no,southwest,12535.62
47,female,37.1,2,no,southwest,6586.84
61,male,30.0,0,no,northeast,7355.42
21,female,31.2,1,no,southeast,21037.09
41,female,22.8,1,no,southeast,5402.24
20,female,31.5,1,no,northwest,3868.48
41,female,22.9,3,no,northwest,5242.94
62,male,33.1,0,no,southwest,13877.41
46,female,34.6,3,no,northwest,6244.06
41,male,35.3,0,no,southwest,3720.08
54,male,27.6,0,no,northeast,10373.89
59,female,46.9,1,no,northwest,12089.3
34,male,20.4,0,yes,southwest,22480.95
39,male,30.6,4,yes,southwest,38969.16
23,male,26.1,1,no,southeast,3719.46
45,male,30.7,1,no,northwest,10823.13
33,female,37.4,3,no,southeast,8712.91
33,male,25.7,2,no,northeast,6585.42
19,female,41.5,0,no,southwest,13940.8
20,female,41.6,2,no,southwest,9652.74
30,male,17.3,0,no,southeast,1683.9
38,male,35.0,0,no,northeast,2023.23
41,male,32.6,0,no,northwest,5289.0
23,female,27.8,1,no,northeast,7659.5
18,male,17.4,0,no,northeast,1711.1
31,female,26.3,2,no,northwest,4569.73
18,male,31.2,2,yes,southwest,38427.63
62,female,25.9,1,no,northwest,14147.51
31,female,36.6,0,no,southeast,7682.76
46,female,30.2,0,yes,southwest,42077.48
53,male,26.2,1,no,northeast,4537.49
44,female,24.6,4,no,northeast,2092.56
49,male,35.2,2,no,northeast,4210.69
20,female,35.8,0,no,southwest,5248.84
22,female,42.0,1,no,southwest,8735.84
25,male,27.9,3,no,southwest,9935.98
43,male,31.1,2,no,northeast,34412.13
48,male,26.4,1,no,southwest,7968.46
59,male,33.1,0,no,southeast,38615.46
55,male,23.0,1,no,northeast,14449.7
60,female,36.2,1,no,northwest,5998.49
44,male,29.2,2,no,southwest,7317.74
19,female,22.3,0,no,northwest,9288.35
56,male,23.2,1,no,southeast,7770.64
23,female,33.9,3,no,northeast,9676.59
38,female,31.8,1,yes,northwest,34074.04
48,male,30.4,3,no,southeast,2378.98
57,male,29.8,2,no,southeast,5549.59
43,male,26.9,2,yes,southeast,46448.13
37,male,33.8,0,yes,northeast,47382.26
60,male,21.0,1,no,southwest,12070.84
29,male,36.4,4,no,northeast,1616.84
60,female,27.3,0,yes,northeast,23606.45
38,female,34.3,3,no,southeast,5976.31
63,female,33.7,0,no,southeast,8239.43
45,female,33.6,3,no,northeast,4455.87
35,female,23.2,3,no,southeast,7678.9
30,male,22.4,0,no,northwest,6346.95
22,female,27.6,0,no,northwest,24771.62
29,male,33.6,2,no,northwest,14012.22
55,male,30.5,1,yes,northwest,47109.8
26,male,30.4,0,no,northwest,6058.09
51,female,39.6,3,no,northwest,9757.93
63,female,38.3,0,no,southeast,13913.88
34,male,35.2,0,yes,southwest,42056.41
37,male,42.2,3,no,southwest,10005.16
59,male,32.2,0,no,southeast,8270.78
49,female,29.8,0,no,southwest,2793.66
34,male,36.1,2,no,northeast,4813.12
22,male,34.7,0,no,southwest,3218.1
36,female,27.5,0,no,southwest,2780.14
27,female,30.9,0,no,southeast,1625.59
27,male,25.7,0,yes,southeast,18470.56
27,female,26.6,1,no,northwest,6184.23
37,female,29.0,0,no,southwest,2612.48
20,female,34.4,2,no,southwest,25052.07
59,male,25.6,1,yes,southwest,24361.11
22,male,33.1,0,no,southeast,10491.35
51,male,21.7,0,no,southeast,2267.39
21,male,38.1,0,no,southeast,1676.25
41,male,31.9,0,no,southwest,11003.73
63,male,41.5,3,no,northeast,3902.04
64,male,39.2,2,no,northeast,1694.95
64,female,24.5,2,yes,northeast,21412.2
35,male,41.2,0,no,southwest,5476.03
53,female,33.3,1,no,northeast,9943.5
18,female,25.3,0,yes,northeast,24894.99
48,female,30.8,3,yes,northeast,40918.45
52,female,39.3,0,no,southeast,8371.92
24,female,34.4,3,no,northeast,2541.85
29,male,28.0,0,yes,southwest,1672.18
25,female,35.1,1,no,southeast,5763.7
61,female,23.4,0,no,southeast,11816.29
52,female,30.3,0,yes,northeast,44517.68
42,female,40.9,1,no,northwest,13558.42
46,male,33.3,1,no,northwest,7161.98
29,female,31.4,1,yes,southwest,10391.31
19,female,17.4,1,no,northeast,2788.75
57,male,30.0,3,no,northeast,6837.53
38,male,27.7,3,no,northwest,7947.82
51,male,30.1,2,no,southeast,9321.68
58,male,26.4,5,yes,southeast,9830.77
63,male,39.1,0,no,northeast,11739.58
22,male,32.7,1,no,southeast,3277.24
39,male,35.4,1,yes,northwest,50606.13
52,male,47.4,0,yes,northeast,47499.99
26,female,35.8,1,no,southwest,3224.96
42,male,31.9,0,yes,northeast,31040.44
23,female,36.2,0,no,southeast,7479.12
40,male,38.3,2,no,northwest,14239.97
47,female,18.0,1,yes,southeast,38376.83
43,male,34.4,0,no,southeast,1981.31
55,female,36.9,3,yes,southeast,43450.16
22,male,28.8,0,no,northwest,1888.99
24,male,19.8,0,no,southwest,20491.81
58,female,28.7,4,no,northeast,2768.94
54,male,29.8,0,no,northeast,10441.81
21,female,37.0,2,yes,northwest,37624.97
54,female,28.3,1,no,southeast,6320.51
43,male,25.7,0,no,northeast,15902.27
56,male,23.7,2,no,southwest,14760.09
44,male,24.4,1,no,southeast,12972.02
46,female,31.4,0,no,northeast,1176.06
62,female,31.1,1,no,southwest,11358.33
35,female,22.5,4,no,northwest,9914.47
53,male,25.7,0,no,northeast,13190.6
46,male,35.4,3,no,northwest,5612.13
55,female,37.5,0,no,northwest,2149.4
27,female,34.4,3,no,northwest,1238.75
44,male,34.2,2,no,northwest,10579.67
37,male,38.6,0,no,southwest,8340.35
21,female,20.6,0,yes,southwest,24376.68
58,male,17.3,2,no,southeast,7380.68
63,female,26.9,0,no,southeast,13981.8
18,male,40.4,0,no,southeast,11854.18
26,male,20.7,2,no,southwest,28294.54
64,male,23.4,1,no,southwest,8758.25
58,female,29.6,1,no,southwest,9942.88
59,female,17.4,3,no,northeast,5080.34
50,male,46.7,3,no,northeast,7802.56
41,female,25.9,0,no,northeast,3227.42
44,male,34.2,1,no,southwest,11964.79
35,female,37.8,3,no,southeast,20811.48
53,male,29.9,3,yes,southeast,15698.47
59,male,44.5,0,no,southeast,1813.65
49,male,25.7,2,no,northeast,18721.11
28,male,24.3,0,no,northeast,7203.86
63,female,41.9,0,no,northeast,9525.03
33,female,17.5,0,no,northwest,4508.3
56,male,33.7,2,no,southwest,1951.15
51,female,34.6,1,no,northwest,11227.2
57,male,42.4,0,yes,southeast,4715.72
42,male,37.3,0,no,northwest,2181.73
32,male,34.4,1,no,southwest,4133.94
25,male,31.5,1,no,northwest,12323.21
24,male,44.3,0,no,northwest,11813.94
49,male,37.3,4,yes,northeast,16844.83
45,female,31.8,3,no,southeast,5686.74
24,male,25.6,0,no,southwest,1287.32
24,male,36.2,1,no,southwest,8092.8
21,female,40.2,0,no,southwest,2108.19
35,female,36.6,1,no,northeast,6300.0
31,male,27.3,2,no,southwest,6904.76
51,female,37.2,0,no,southeast,9853.46
29,female,39.4,0,no,southeast,8294.0
43,male,33.7,2,no,northeast,7147.29
26,female,32.7,2,no,southeast,8449.75
49,male,35.4,0,no,northwest,3125.8
37,male,29.4,1,no,northeast,2312.56
56,male,27.1,3,no,southwest,9275.75
40,male,30.3,1,yes,northeast,38719.11
48,male,46.2,1,no,southeast,10612.61
53,female,30.1,3,yes,northwest,43962.11
19,female,24.7,0,no,northeast,5733.24
54,female,24.2,2,no,northeast,2939.35
30,male,40.3,0,no,northeast,12503.73
48,female,46.7,3,yes,southeast,17896.61
58,male,26.3,0,no,northwest,1936.84
55,male,34.1,0,no,southwest,10967.46
52,female,26.3,2,no,southwest,21545.91
22,female,27.2,2,no,northwest,24874.48
61,female,24.7,0,no,southeast,11515.06
34,male,29.0,1,no,southwest,6115.02
40,male,33.7,0,no,southeast,2533.78
29,male,30.4,1,yes,northeast,34417.29
55,female,35.9,5,no,northeast,10761.35
29,male,30.1,1,no,southwest,4154.16
64,male,31.1,2,yes,southwest,41123.74
44,male,24.6,1,no,southeast,5321.65
49,male,25.5,1,yes,southwest,19982.74
22,male,28.7,0,no,northeast,11768.47
39,male,32.8,1,yes,northwest,41459.91
30,male,27.5,1,yes,southwest,39813.79
58,female,25.0,0,no,northwest,11755.01
18,female,29.0,1,yes,northeast,16174.33
48,female,19.8,2,no,northwest,6692.94
49,female,37.1,3,no,northeast,9264.35
51,male,37.2,0,yes,southeast,37288.68
53,male,37.0,1,no,southeast,10293.15
64,male,30.4,1,yes,southwest,38256.93
37,male,17.5,2,yes,southwest,26269.27
59,male,21.0,3,yes,southeast,39119.56
41,male,35.4,3,no,southeast,5595.54
18,female,24.9,0,yes,southwest,21531.64
58,female,39.2,1,no,northwest,12756.42
26,male,39.8,2,no,southeast,45153.89
60,female,24.7,0,no,northwest,13083.0
23,male,30.2,1,no,northwest,10016.85
19,female,30.2,0,no,northwest,12231.55
28,female,26.4,0,no,southeast,4369.67
38,male,34.9,0,no,northwest,6688.15
22,male,28.2,0,yes,northwest,37947.12
18,male,20.0,0,yes,southeast,35806.83
36,female,22.6,0,no,southeast,14466.38
64,male,25.8,0,yes,northeast,35413.39
51,male,32.2,0,no,southeast,38378.15
29,female,28.6,0,no,northwest,4614.74
45,male,29.5,0,no,northeast,10586.79
24,male,24.3,5,no,northwest,9843.93
63,female,39.0,0,no,southeast,7482.55
44,female,35.2,3,no,northwest,8450.83
43,female,37.9,0,no,southeast,2163.84
32,male,20.4,3,yes,northwest,18026.37
47,female,20.4,1,yes,northwest,16747.91
24,female,40.3,0,no,northeast,12526.73
32,female,30.8,0,yes,southeast,43513.25
29,male,34.4,2,no,southwest,7172.09
49,female,23.7,4,no,northwest,12220.79
46,female,33.7,5,no,southwest,13858.62
23,male,28.7,0,no,northeast,17991.05
62,male,37.9,0,no,southwest,2080.72
34,male,31.3,0,no,northeast,6636.64
57,male,35.3,3,no,southwest,3537.65
43,male,30.1,1,no,northeast,47130.51
43,male,44.1,2,yes,southeast,41369.56
63,male,34.5,1,no,northwest,10673.38
51,female,23.9,0,no,southwest,10067.9
27,male,46.9,0,no,southeast,9079.77
27,female,31.2,2,no,northeast,13187.55
59,male,20.0,2,no,northeast,5983.22
31,male,38.7,1,no,northwest,4146.08
48,female,38.2,0,yes,southwest,21276.44
29,male,33.3,1,no,northwest,8513.6
56,male,27.4,2,no,northwest,5471.4
37,male,35.9,0,no,southeast,4503.01
32,male,25.8,1,no,southwest,9196.24
23,female,19.3,3,yes,southeast,16327.74
26,male,29.6,1,no,southeast,10518.5
34,male,34.1,3,no,southwest,6719.05
42,female,40.5,0,no,southeast,3918.53
25,female,37.6,1,no,northeast,13409.26
58,male,34.2,0,yes,southwest,42963.62
25,female,28.0,1,no,northeast,8695.5
27,male,35.1,3,yes,southeast,40968.18
48,female,45.2,4,no,southwest,8749.77
38,female,28.9,3,no,southeast,6567.53
28,male,23.5,0,no,southwest,1886.18
40,female,35.7,0,no,northwest,7762.91
33,female,43.3,0,no,southeast,11364.82
25,male,24.2,0,no,southwest,15846.18
55,female,33.7,2,no,northeast,8408.34
56,male,47.1,1,no,northwest,6653.26
47,male,23.7,0,no,northwest,8579.05
59,male,23.2,3,no,northwest,5063.97
26,male,30.5,1,no,northwest,6038.97
18,male,36.4,0,no,southeast,1693.56
23,male,29.5,0,no,northeast,9382.41
31,male,44.3,0,no,southeast,4083.81
35,male,47.0,1,no,southwest,10845.09
41,female,27.9,0,no,southwest,3089.76
47,female,23.2,2,no,northeast,25306.13
42,female,21.6,1,no,northwest,12177.13
27,female,29.1,0,no,northwest,16490.54
49,female,22.1,3,yes,northeast,34786.16
41,female,31.8,1,no,southwest,5076.9
31,female,20.6,2,no,southwest,5286.54
56,male,29.4,0,no,northeast,14906.76
41,male,30.3,3,no,southeast,3984.56
33,female,38.0,0,no,northwest,5320.6
47,male,34.8,0,no,southwest,11815.55
43,male,33.1,3,no,northwest,13328.91
39,female,23.4,5,yes,northwest,19027.46
60,female,47.3,0,no,northwest,13185.27
62,male,30.2,0,yes,southwest,31719.08
50,female,24.4,3,no,northwest,5202.62
27,female,37.3,0,no,southwest,33520.17
51,male,30.2,2,no,northeast,5997.78
33,male,28.3,1,no,southeast,8258.93
54,male,37.1,1,no,southwest,5636.44
50,female,29.3,4,no,southwest,36544.24
23,male,21.4,5,no,northwest,10822.51
52,male,47.6,2,no,southeast,6615.39
32,female,22.6,0,no,northwest,4552.2
60,female,28.3,2,no,southeast,4080.36
34,female,37.6,1,no,southwest,10139.29
60,female,33.5,2,no,northwest,3940.94
58,male,31.9,3,no,southeast,9437.67
21,male,38.4,0,no,northeast,2260.69
21,male,34.7,1,no,southeast,2080.92
28,male,37.4,0,no,northeast,1970.68
21,male,27.4,1,no,northeast,2356.43
42,male,33.8,3,no,northeast,5267.35
42,male,28.1,0,yes,southwest,35474.65
43,female,29.2,1,no,southeast,7190.1
43,male,29.8,2,no,northwest,7208.22
19,female,30.4,0,no,northwest,1764.47
62,male,30.6,3,no,northwest,12460.48
56,male,34.1,3,no,northwest,4083.66
18,male,26.0,0,no,southeast,1226.28
52,female,26.3,1,yes,northeast,30747.22
47,female,33.7,3,no,southwest,8598.47
43,female,26.0,3,no,northwest,12309.11
52,female,47.4,0,no,southeast,8597.52
38,female,30.1,0,no,southwest,6749.26
57,male,30.1,1,no,southeast,3823.65
44,male,36.2,2,no,northwest,12270.47
28,male,27.3,0,no,northwest,2400.73
51,female,18.8,0,no,northeast,10018.08
59,female,28.8,1,yes,northeast,23094.1
61,female,38.0,0,no,southeast,3391.6
25,female,40.5,0,no,southeast,19284.75
33,female,37.0,0,no,northwest,2586.62
56,male,26.2,2,no,northeast,6844.31
63,female,39.6,1,no,northwest,23955.57
47,male,35.5,2,no,southwest,4908.58
49,male,22.8,0,no,northeast,25403.04
64,female,35.3,0,no,northeast,15018.78
38,male,47.4,1,yes,southeast,42585.02
53,male,32.2,1,no,northwest,6011.61
55,female,32.6,3,no,southwest,8673.35
28,female,22.4,1,no,southwest,4377.96
32,male,36.9,3,yes,southwest,4419.55
44,female,31.3,0,no,southeast,12980.55
42,male,37.4,0,no,northwest,1789.97
49,female,25.2,1,yes,southwest,17599.59
29,female,33.3,2,no,southeast,7757.36
45,female,21.8,2,yes,southwest,29368.04
61,female,22.3,0,no,southwest,1960.03
18,female,21.4,0,no,southeast,13914.4
24,female,27.5,0,no,northeast,1641.16
63,male,24.9,3,yes,southeast,19963.99
22,male,28.3,3,yes,northwest,31156.07
26,female,38.2,1,yes,northwest,38085.95
25,female,24.4,1,no,southwest,8615.31
21,male,45.7,1,no,southwest,9864.9
20,male,28.1,0,yes,northeast,35059.95
32,female,25.0,3,no,southwest,23500.3
43,female,27.7,3,yes,northwest,15384.1
56,female,25.7,3,no,northwest,12319.01
52,male,38.1,1,no,southeast,6496.11
43,male,41.4,1,yes,southeast,50306.37
26,female,30.5,0,no,southeast,6382.91
30,female,37.7,3,no,northwest,4885.47
62,female,28.5,0,no,northwest,10858.44
36,female,46.5,1,yes,northwest,48011.9
48,male,45.8,1,no,southwest,4533.01
25,female,24.2,0,no,southwest,3142.21
42,male,22.8,1,no,northeast,6289.68
56,male,25.8,0,no,northeast,4194.57
32,male,31.7,0,no,northeast,4826.44
41,female,29.8,0,no,southwest,11255.74
24,female,23.3,0,no,southwest,9669.36
61,female,36.2,2,no,northeast,3573.08
45,female,33.6,0,no,southwest,10549.19
27,female,30.2,0,no,northwest,1654.01
20,female,34.3,3,no,northwest,2784.12
24,male,34.3,0,no,northwest,12594.15
52,female,31.9,0,yes,northwest,31201.42
20,male,23.1,2,no,southeast,10986.73
45,female,36.7,2,no,southeast,4985.91
36,male,27.6,2,no,northeast,10503.79
22,male,32.0,0,no,southeast,6305.66
18,male,30.4,2,no,northeast,2230.47
29,male,26.5,1,no,northwest,3006.15
32,female,32.3,1,no,northeast,10045.74
35,male,19.8,1,no,southwest,7169.78
18,male,42.1,2,no,southeast,8696.37
23,female,22.8,0,no,northeast,20092.76
40,female,24.0,3,no,northwest,7869.5
30,male,36.9,3,yes,southeast,32968.01
59,female,46.1,3,no,northwest,16065.05
18,male,23.6,0,no,southeast,13055.45
49,female,24.3,2,yes,southwest,16330.4
53,female,36.7,2,no,northwest,12516.8
31,male,36.1,3,no,northeast,11348.75
33,male,30.3,0,no,northeast,2172.31
51,female,23.4,0,no,northeast,9836.71
29,female,32.1,1,no,northwest,6601.32
49,female,23.7,0,no,northeast,4521.91
33,female,34.9,1,no,southeast,4441.28
18,male,25.6,3,yes,northeast,35824.75
31,female,34.4,0,no,southwest,8540.63
57,male,27.7,0,no,northeast,10991.28
57,male,25.5,1,no,southwest,11311.69
19,female,32.8,2,no,southwest,11459.64
50,male,30.0,2,yes,southeast,49315.84
48,male,35.4,0,no,southeast,3188.58
51,male,36.6,0,yes,northeast,49574.95
42,male,23.2,0,no,northeast,2570.07
35,male,29.4,3,no,northwest,2839.41
33,female,17.5,1,no,northeast,6444.17
58,female,29.1,0,yes,northeast,7553.17
18,male,33.0,2,no,northeast,1723.51
58,male,26.3,3,no,northeast,3010.81
64,male,35.0,1,no,southwest,7373.32
53,female,26.6,1,no,southeast,3662.8
64,female,29.1,3,no,northeast,6776.3
63,male,27.4,1,no,northeast,6327.6
45,male,27.3,1,no,northeast,7361.76
47,male,36.2,3,no,southeast,25049.36
24,male,28.7,0,yes,northwest,2421.69
54,female,26.8,2,yes,southwest,26576.97
50,female,27.3,3,no,northeast,13395.52
22,male,29.8,0,no,southwest,1944.24
44,female,27.7,2,no,southeast,4925.33
35,female,28.2,1,no,southeast,8619.62
45,female,17.3,2,no,northeast,11200.56
44,male,37.8,2,no,southwest,10607.55
24,female,26.5,0,no,northwest,2060.36
51,male,31.0,0,no,southeast,13406.47
36,male,37.7,1,yes,southwest,35881.91
38,female,37.9,2,yes,northeast,43738.33
27,female,46.7,1,no,southeast,12840.71
59,female,18.0,0,no,northeast,16991.75
49,female,39.7,1,no,southeast,4187.29
24,male,21.8,0,no,southeast,16810.58
29,male,34.8,2,no,northeast,4576.92
44,male,22.4,1,no,northeast,5502.18
33,male,26.8,0,no,northwest,2243.45
23,female,41.7,0,no,northeast,13405.77
58,male,24.6,1,yes,northeast,21572.69
56,female,29.1,0,no,northwest,5814.6
22,male,38.1,0,no,southwest,13084.94
64,female,27.7,2,no,southwest,7890.86
23,male,21.5,1,no,northeast,8678.0
38,male,17.3,0,no,southwest,2234.85
47,male,47.0,1,no,northwest,7192.14
35,female,33.3,1,no,southeast,36545.44
49,male,23.8,3,yes,northeast,17616.71
38,male,17.4,0,no,southeast,8488.69
28,female,21.5,1,yes,northeast,26885.15
18,male,30.2,3,no,southeast,43602.68
21,female,26.6,0,no,northeast,12881.6
22,female,44.6,0,no,northeast,11802.2
62,male,31.7,0,no,southeast,14246.86
38,female,29.0,0,no,northwest,30742.46
58,male,17.4,1,no,southwest,4475.88
51,female,37.4,1,no,southeast,9637.55
29,male,23.8,0,no,northeast,12946.93
40,male,36.9,1,no,northwest,6521.35
42,male,24.3,2,no,northwest,6981.25
20,female,35.1,1,no,southwest,2020.12
46,female,17.3,1,no,southwest,8717.28
42,female,18.2,2,no,southeast,6133.51
31,female,32.3,1,no,northwest,6195.87
35,male,24.1,3,no,southeast,5585.06
47,female,30.8,0,no,southeast,10851.57
19,male,40.9,0,no,southwest,2780.41
25,female,36.6,1,yes,northeast,41892.69
18,female,36.7,4,no,southeast,1625.62
36,female,31.6,0,no,northeast,2473.37
19,male,31.6,3,no,northwest,1737.4
43,male,34.1,0,no,northeast,5974.21
54,female,43.0,0,yes,southeast,17493.83
40,female,20.1,0,yes,southwest,16221.8
48,female,44.8,4,no,northwest,4544.68
45,male,32.1,1,no,southeast,9623.47
51,male,25.3,1,no,southwest,3301.72
56,male,45.6,0,no,southeast,2536.19
33,male,31.1,2,no,northeast,14714.14
24,male,33.5,1,no,southwest,11300.48
18,female,21.7,4,no,northwest,18537.28
42,female,26.9,0,no,northeast,14160.88
34,female,28.0,3,no,northwest,4241.91
63,female,33.3,2,no,northwest,7962.89
48,male,27.5,2,yes,northeast,13398.75
42,male,22.3,2,no,northeast,7035.93
58,female,35.4,2,yes,southwest,49847.64
24,male,42.9,0,no,southwest,1910.94
62,male,29.6,0,no,southwest,1984.58
47,female,26.5,1,no,northwest,3232.29
55,male,34.4,0,no,southeast,2842.52
36,male,26.3,1,yes,southeast,39135.47
45,female,35.6,2,no,northwest,9188.13
23,female,27.6,1,yes,northeast,16434.21
42,male,30.3,1,no,southeast,5713.65
24,female,44.5,0,no,southwest,4305.43
28,male,36.7,1,no,northwest,4530.45
18,female,38.9,0,no,southeast,7803.19
56,male,24.5,5,no,northeast,26284.56
52,male,24.4,1,yes,northeast,26001.78
41,female,34.3,2,no,northwest,8477.25
59,female,26.0,1,no,northeast,2806.69
59,male,33.3,1,no,southeast,5689.65
43,male,21.9,3,no,northwest,2673.3
56,male,21.7,1,no,northwest,26396.71
62,female,31.9,0,yes,southeast,47284.15
53,female,33.7,1,no,southeast,14802.47
56,male,30.6,2,no,northeast,6810.15
24,male,40.2,0,no,northwest,12332.3
28,female,47.4,0,no,southwest,12105.6
40,male,25.1,1,yes,northwest,26167.95
64,female,33.1,2,no,southeast,4620.81
36,male,24.6,2,no,northwest,4277.79
24,female,34.1,0,no,southwest,8575.62
51,female,30.2,1,no,southwest,12397.75
19,female,27.4,1,no,northwest,2814.61
41,female,33.3,2,no,southeast,6318.23
56,male,28.0,1,no,northwest,4733.13
32,male,29.8,1,yes,southwest,29166.73
33,female,30.5,0,no,southwest,7873.93
19,female,17.4,0,no,southwest,2354.05
55,female,31.8,1,no,southeast,4859.12
54,male,17.4,0,no,northwest,1924.01
30,male,34.1,1,no,southwest,4021.71
40,male,32.2,0,no,northeast,1693.46
61,female,35.9,1,no,southwest,47802.34
35,male,41.7,0,no,southwest,12774.43
48,male,30.5,0,no,southeast,1693.46
44,female,30.3,2,no,southwest,4725.52
32,female,36.8,1,yes,southwest,42679.29
62,male,33.6,0,no,southeast,1628.09
52,male,34.3,1,yes,northeast,46445.27
51,female,28.0,0,no,northwest,8518.05
23,male,27.3,1,no,northwest,4131.94
21,female,28.6,0,no,northeast,13270.92
36,female,37.4,1,yes,southwest,34427.9
54,female,27.5,1,no,southwest,4486.03
39,male,17.4,3,no,southeast,8660.56
35,female,29.1,2,no,northwest,7681.45
19,male,31.4,1,no,northwest,1904.44
50,female,40.0,2,no,southeast,8259.05
30,male,26.7,3,no,northwest,10282.34
18,female,30.6,0,yes,southwest,21442.55
30,male,25.2,3,no,southwest,4276.45
58,female,34.7,0,no,southeast,51362.84
28,female,22.8,1,no,northwest,6192.19
37,male,26.9,1,no,southwest,4224.95
53,female,36.7,2,no,southwest,14045.74
51,male,23.3,0,no,northwest,9736.35
32,female,20.8,0,no,northeast,1954.21
40,female,22.3,0,no,northeast,3957.14
54,female,29.6,0,no,southwest,8745.46
18,female,37.4,1,no,northwest,2409.9
21,male,25.0,1,no,southwest,10514.8
64,male,32.7,1,no,southeast,2465.47
52,male,34.4,0,no,northeast,35380.2
61,female,25.2,0,no,northeast,7317.24
39,male,37.7,0,no,northwest,2474.09
18,female,20.0,0,no,southeast,2114.71
59,female,38.0,1,no,northwest,10041.35
58,male,33.7,0,no,southwest,6929.29
19,female,20.0,0,no,northwest,16595.03
23,male,35.9,3,no,southwest,2871.49
20,male,28.0,0,no,southwest,13891.64
